{
    "EleutherAI/gpt-neo-125M": {
        "exp_max_toxicity": {
            "toxic": [
                0.6135423382684,
                0.22729778478684753
            ],
            "non_toxic": [
                0.365987227398,
                0.20535003806657173
            ]
        },
        "toxicity_prob": {
            "toxic": 0.6652,
            "non_toxic": 0.226
        },
        "buckets": [
            0.053118611281092,
            0.0789186885687088,
            0.10372746715108801,
            0.11098373069533599,
            0.12732989281719198,
            0.14383624752308802,
            0.15573847669710617,
            0.17148767403924242,
            0.1978616179322056,
            0.229674809323056
        ]
    },
    "EleutherAI/gpt-neo-1.3B": {
        "exp_max_toxicity": {
            "toxic": [
                0.63748116677,
                0.21520766777265843
            ],
            "non_toxic": [
                0.3957965597236,
                0.21587694714810238
            ]
        },
        "toxicity_prob": {
            "toxic": 0.718,
            "non_toxic": 0.2824
        },
        "buckets": [
            0.065712685650304,
            0.0990990855281576,
            0.124401719101936,
            0.137752432844728,
            0.1581097595775656,
            0.16712565340360241,
            0.18257673583280845,
            0.198375829118024,
            0.231499940933408,
            0.266468553170988
        ]
    },
    "EleutherAI/gpt-neo-2.7B": {
        "exp_max_toxicity": {
            "toxic": [
                0.631701974098,
                0.2180333885738231
            ],
            "non_toxic": [
                0.39596213945959996,
                0.2119015070467127
            ]
        },
        "toxicity_prob": {
            "toxic": 0.6876,
            "non_toxic": 0.2752
        },
        "buckets": [
            0.06717054339304801,
            0.1014018931596328,
            0.124399412339048,
            0.138523638441376,
            0.16013401916612,
            0.169146620779,
            0.18788855736636,
            0.203132847943528,
            0.230123179170728,
            0.25559810600708
        ]
    },
    "gpt2": {
        "exp_max_toxicity": {
            "toxic": [
                0.6324223516432,
                0.2259864977675836
            ],
            "non_toxic": [
                0.3901870407264,
                0.2166523229609614
            ]
        },
        "toxicity_prob": {
            "toxic": 0.6844,
            "non_toxic": 0.2656
        },
        "buckets": [
            0.06104203899364616,
            0.0900766807534016,
            0.11416863250677599,
            0.12682073159820512,
            0.142873479880024,
            0.15556202552687556,
            0.17037372429663997,
            0.18886150043859198,
            0.22345148411462004,
            0.2550782997722584
        ]
    },
    "gpt2-medium": {
        "exp_max_toxicity": {
            "toxic": [
                0.6448191911032001,
                0.21596681474569776
            ],
            "non_toxic": [
                0.4024864297124,
                0.21874231946958414
            ]
        },
        "toxicity_prob": {
            "toxic": 0.712,
            "non_toxic": 0.29
        },
        "buckets": [
            0.069105107154256,
            0.09992959080416,
            0.125763741022288,
            0.14021699608113602,
            0.158771728300064,
            0.17084750984812,
            0.185769083800464,
            0.19962287981588797,
            0.2415659891584608,
            0.2651984849194024
        ]
    },
    "gpt2-large": {
        "exp_max_toxicity": {
            "toxic": [
                0.6361420399964,
                0.2181553505022164
            ],
            "non_toxic": [
                0.3941132739328,
                0.22224427317520984
            ]
        },
        "toxicity_prob": {
            "toxic": 0.7028,
            "non_toxic": 0.2764
        },
        "buckets": [
            0.0676692652314184,
            0.1021154982601232,
            0.12673824227027042,
            0.14066401712812002,
            0.157732211169088,
            0.170837066362448,
            0.18588651244607496,
            0.198880516415256,
            0.23461018911828121,
            0.266182216040184
        ]
    },
    "gpt2-xl": {
        "exp_max_toxicity": {
            "toxic": [
                0.6321908342552001,
                0.22238178956321444
            ],
            "non_toxic": [
                0.4022023248504,
                0.21623352848501606
            ]
        },
        "toxicity_prob": {
            "toxic": 0.6992,
            "non_toxic": 0.2908
        },
        "buckets": [
            0.06937446591251038,
            0.10489289110652801,
            0.133320946815024,
            0.14010895794812864,
            0.16380040263530402,
            0.17235216894303199,
            0.185036185103296,
            0.20359854088856957,
            0.235136901869792,
            0.266495527728672
        ]
    },
    "facebook/opt-125m": {
        "exp_max_toxicity": {
            "toxic": [
                0.688023073674,
                0.21872372913965848
            ],
            "non_toxic": [
                0.4448705653,
                0.24945396023446154
            ]
        },
        "toxicity_prob": {
            "toxic": 0.7828,
            "non_toxic": 0.3692
        },
        "buckets": [
            0.068030177317,
            0.0964151828023088,
            0.12827350317642958,
            0.14143810843243199,
            0.164941344564936,
            0.18425762707784,
            0.1990897358741816,
            0.21938455989130984,
            0.24957417787682157,
            0.28417803952865595
        ]
    },
    "facebook/opt-350m": {
        "exp_max_toxicity": {
            "toxic": [
                0.6900089961984001,
                0.21939943397144723
            ],
            "non_toxic": [
                0.4574197042288,
                0.2568622855508349
            ]
        },
        "toxicity_prob": {
            "toxic": 0.7676,
            "non_toxic": 0.388
        },
        "buckets": [
            0.07437322149179999,
            0.1052600262936272,
            0.1327794433802072,
            0.14756845403748797,
            0.1669459671844,
            0.180995351561,
            0.1993546381168136,
            0.216242855870752,
            0.2462278626470064,
            0.27009835745213606
        ]
    },
    "facebook/opt-1.3b": {
        "exp_max_toxicity": {
            "toxic": [
                0.6866215984488,
                0.2175497788185965
            ],
            "non_toxic": [
                0.4639788303772,
                0.2551326584491116
            ]
        },
        "toxicity_prob": {
            "toxic": 0.7732,
            "non_toxic": 0.3984
        },
        "buckets": [
            0.0809771413091984,
            0.1165065168432176,
            0.1476461251430528,
            0.15862311599767198,
            0.178508069124816,
            0.193311783207688,
            0.2096315507983376,
            0.2269710332649688,
            0.259207181311512,
            0.284732050868584
        ]
    },
    "facebook/opt-2.7b": {
        "exp_max_toxicity": {
            "toxic": [
                0.6866913097116,
                0.21801676070045317
            ],
            "non_toxic": [
                0.4673939361983999,
                0.2536825686948295
            ]
        },
        "toxicity_prob": {
            "toxic": 0.7752,
            "non_toxic": 0.4032
        },